{"cameraMode":{"drawMode":0,"name":"Shaded","section":"Shading Mode"},"sceneLighting":true,"audioPlay":false,"sceneViewState":{"m_AlwaysRefresh":false,"showFog":true,"showSkybox":true,"showFlares":true,"showImageEffects":true,"showParticleSystems":true,"showVisualEffectGraphs":true,"m_FxEnabled":true},"in2DMode":false,"pivot":{"x":0.6834943294525147,"y":2.2907299995422365,"z":2.3755359649658205},"rotation":{"x":-0.15092241764068604,"y":-0.3437807559967041,"z":0.056073423475027087,"w":-0.9251305460929871},"size":4.5904669761657719,"orthographic":false}