{"cameraMode":{"drawMode":0,"name":"Shaded","section":"Shading Mode"},"sceneLighting":true,"audioPlay":false,"sceneViewState":{"m_AlwaysRefresh":false,"showFog":true,"showSkybox":true,"showFlares":true,"showImageEffects":true,"showParticleSystems":true,"showVisualEffectGraphs":true,"m_FxEnabled":true},"in2DMode":false,"pivot":{"x":1.0519862174987794,"y":-0.7413710355758667,"z":4.118098735809326},"rotation":{"x":0.16305552423000337,"y":0.3023647964000702,"z":-0.05275523290038109,"w":0.9377827048301697},"size":8.343955039978028,"orthographic":false}